{
  "classification": "RETROSPECTIVE_MIGRATION_CONSISTENCY_ONLY",
  "coverage_exact": true,
  "headline_metrics_reproduced": false,
  "legacy_headline_drift": {
    "US31_SPY_GLD_50_50": {
      "max_drawdown": -0.0004117812516801489,
      "sharpe": -0.061178547702508856,
      "total_return": -0.2722616101147848
    },
    "US36_SPY_QQQ_50_50": {
      "max_drawdown": -0.0003424927358401386,
      "sharpe": -0.03694449910512121,
      "total_return": -0.30840091803899305
    },
    "US41_SPY_QQQ_GLD_EQUAL": {
      "max_drawdown": -0.009190490009719388,
      "sharpe": -0.07716042074623708,
      "total_return": -0.4652216762605623
    },
    "US46_QQQ_GLD_50_50": {
      "max_drawdown": -0.005493015054135353,
      "sharpe": -0.052846664285248535,
      "total_return": -0.3614481571068868
    }
  },
  "legacy_implementation": {
    "blob_oid": "0a015ace9ebb637598c857b46c21a911c13b2e96",
    "formula": "constant_weight_close_returns_with_63_session_cost_deduction",
    "headline_report_blob_oid": "2d1444b06c99923f855844b30d1d29ab90e886d4"
  },
  "limitations": [
    "replays legacy close-to-close arithmetic rather than next-open holdings",
    "uses raw Sina closes and does not establish strict PIT or corporate-action completeness",
    "US31/US36/US41/US46 remain rejected and are not reopened by this replay"
  ],
  "recommendation_available": false,
  "results": {
    "US31_SPY_GLD_50_50": {
      "cagr": 0.13598117945209798,
      "final_equity": 142709.5355954086,
      "max_drawdown": -0.20541178125168014,
      "sharpe": 1.126821452297491,
      "total_return": 2.567738389885215
    },
    "US36_SPY_QQQ_50_50": {
      "cagr": 0.15112378986124475,
      "final_equity": 162863.96327844026,
      "max_drawdown": -0.31134249273584014,
      "sharpe": 0.8090555008948788,
      "total_return": 3.071599081961007
    },
    "US41_SPY_QQQ_GLD_EQUAL": {
      "cagr": 0.14892802446163778,
      "final_equity": 159791.1329495775,
      "max_drawdown": -0.24419049000971937,
      "sharpe": 1.037839579253763,
      "total_return": 2.9947783237394376
    },
    "US46_QQQ_GLD_50_50": {
      "cagr": 0.1672693331465478,
      "final_equity": 187142.07371572452,
      "max_drawdown": -0.24349301505413534,
      "sharpe": 1.1931533357147515,
      "total_return": 3.678551842893113
    }
  },
  "schema_version": "legacy-us-etf-migration-replay-v1",
  "source": {
    "available_at_missing": 7542,
    "row_count": 7542,
    "session_count": 2514,
    "slice_sha256": "7183133d689717670d9b8b9caae9116e7822e5bb78ed8351ffe0f029875e8701",
    "snapshot_id": "sina_us_etf_20160101_20251231_e4c60497095e76f9"
  },
  "status": "REPLAY_COMPLETE_HEADLINES_NOT_REPRODUCED",
  "strategy_candidate_available": false,
  "strategy_evidence_eligible": false,
  "strict_pit_eligible": false
}
